2026-02-03 21:46:51.457668,Storage Location 1,MISSING
2026-02-03 21:46:55.941656,Storage Location 1,MISSING
2026-02-03 21:46:58.523574,Storage Location 1,MISSING
2026-02-03 21:47:02.343528,Storage Location 1,MISSING
2026-02-03 21:47:03.609395,Storage Location 1,MISSING
2026-02-03 21:47:04.875518,Storage Location 1,MISSING
2026-02-03 21:47:08.024424,Storage Location 1,MISSING
2026-02-03 21:47:11.602892,Storage Location 1,MISSING
2026-02-03 21:47:13.126629,Storage Location 1,MISSING
2026-02-03 21:47:13.394963,Storage Location 1,MISSING
2026-02-04 18:08:37.540558,Storage Location 1,MISSING
2026-02-04 18:08:39.875525,Storage Location 1,MISSING
2026-02-04 18:08:41.081858,Storage Location 1,MISSING
2026-02-04 18:08:41.611699,Storage Location 1,MISSING
2026-02-04 18:08:42.155140,Storage Location 1,MISSING
2026-02-04 18:08:42.835478,Storage Location 1,MISSING
2026-02-04 18:08:57.045048,Storage Location 1,MISSING
2026-02-04 18:12:17.421880,Storage Location 1,MISSING
2026-02-04 18:12:19.944644,Storage Location 1,MISSING
2026-02-04 18:12:21.877590,Storage Location 1,MISSING
2026-02-04 18:12:25.699867,Storage Location 1,MISSING
2026-02-04 18:12:26.119339,Storage Location 1,MISSING
2026-02-04 18:12:26.916495,Storage Location 1,MISSING
2026-02-04 18:12:30.716634,Storage Location 1,MISSING
2026-02-04 18:12:32.845425,Storage Location 1,MISSING
2026-02-04 18:12:34.153807,Storage Location 1,MISSING
2026-02-04 18:12:37.077700,Storage Location 1,MISSING
2026-02-04 18:12:43.948020,Storage Location 1,MISSING
2026-02-04 18:12:44.412730,Storage Location 1,MISSING
2026-02-04 18:12:44.956664,Storage Location 1,MISSING
2026-02-04 18:12:45.417476,Storage Location 1,MISSING
2026-02-04 18:12:46.829960,Storage Location 1,MISSING
2026-02-04 18:17:05.820544,Storage Location 1,MISSING
2026-02-04 18:17:09.968105,Storage Location 1,MISSING
2026-02-04 18:33:36.615889,Storage Location 1,MISSING
2026-02-04 18:33:39.079671,Storage Location 1,MISSING
2026-02-04 18:33:39.497975,Storage Location 1,MISSING
2026-02-04 18:33:39.742883,Storage Location 1,MISSING
2026-02-04 18:33:41.255829,Storage Location 1,MISSING
2026-02-04 18:33:44.607534,Storage Location 1,MISSING
2026-02-04 18:33:44.837218,Storage Location 1,MISSING
2026-02-04 18:33:46.060741,Storage Location 1,MISSING
2026-02-04 18:33:50.366132,Storage Location 1,MISSING
2026-02-04 18:33:51.474620,Storage Location 1,MISSING
2026-02-04 18:33:53.649354,Storage Location 1,MISSING
2026-02-04 18:33:55.457148,Storage Location 1,MISSING
2026-02-04 18:33:59.456171,Storage Location 1,MISSING
2026-02-04 18:34:01.722704,Storage Location 1,MISSING
2026-02-04 18:34:02.640619,Storage Location 1,MISSING
2026-02-04 18:34:03.637533,Storage Location 1,MISSING
2026-02-04 18:34:04.462431,Storage Location 1,MISSING
2026-02-04 18:34:05.825611,Storage Location 1,MISSING
2026-02-04 18:34:09.447961,Storage Location 1,MISSING
2026-02-04 18:34:10.575576,Storage Location 1,MISSING
2026-02-04 18:34:18.189181,Storage Location 1,MISSING
2026-02-04 18:34:19.456290,Storage Location 1,MISSING
2026-02-04 18:34:20.626463,Storage Location 1,MISSING
2026-02-04 18:34:22.276253,Storage Location 1,MISSING
2026-02-04 18:34:23.548598,Storage Location 1,MISSING
2026-02-04 18:34:24.198176,Storage Location 1,MISSING
2026-02-04 18:34:25.205108,Storage Location 1,MISSING
2026-02-04 18:34:26.518192,Storage Location 1,MISSING
2026-02-04 18:34:28.646752,Storage Location 1,MISSING
2026-02-04 18:38:11.061045,Storage Location 1,MISSING
2026-02-04 18:38:12.233100,Storage Location 1,MISSING
2026-02-04 18:38:12.979871,Storage Location 1,MISSING
2026-02-04 18:38:14.999515,Storage Location 1,MISSING
2026-02-04 18:38:16.376524,Storage Location 1,MISSING
2026-02-04 18:38:18.183086,Storage Location 1,MISSING
2026-02-04 18:38:19.449170,Storage Location 1,MISSING
2026-02-04 18:38:19.607012,Storage Location 1,MISSING
2026-02-04 18:38:21.479889,Storage Location 1,MISSING
2026-02-04 18:38:24.902745,Storage Location 1,MISSING
2026-02-04 18:38:25.249028,Storage Location 1,MISSING
2026-02-04 18:38:26.471280,Storage Location 1,MISSING
2026-02-04 18:38:28.436262,Storage Location 1,MISSING
2026-02-04 18:38:30.111004,Storage Location 1,MISSING
2026-02-04 18:38:31.665706,Storage Location 1,MISSING
2026-02-04 18:38:33.277954,Storage Location 1,MISSING
2026-02-04 18:38:34.705017,Storage Location 1,MISSING
2026-02-04 18:38:35.760690,Storage Location 1,MISSING
2026-02-04 18:38:36.368271,Storage Location 1,MISSING
2026-02-04 18:42:42.417141,Storage Location 1,MISSING
2026-02-04 18:46:40.208877,Storage Location 1,MISSING
2026-02-04 18:46:42.595043,Storage Location 1,MISSING
2026-02-04 18:46:44.445109,Storage Location 1,MISSING
2026-02-04 18:46:45.819790,Storage Location 1,MISSING
2026-02-04 18:46:49.108465,Storage Location 1,MISSING
2026-02-04 18:46:49.356646,Storage Location 1,MISSING
2026-02-04 18:46:51.026320,Storage Location 1,MISSING
2026-02-04 18:46:59.618589,Storage Location 1,MISSING
2026-02-04 18:47:00.060094,Storage Location 1,MISSING
2026-02-04 18:47:03.339834,Storage Location 1,MISSING
2026-02-04 18:47:12.097197,Storage Location 1,MISSING
2026-02-04 18:47:12.192496,Storage Location 1,MISSING
2026-02-04 18:47:12.656530,Storage Location 1,MISSING
2026-02-04 18:47:12.946057,Storage Location 1,MISSING
2026-02-04 18:49:18.761423,Storage Location 1,MISSING
2026-02-04 18:49:23.357705,Storage Location 1,MISSING
2026-02-04 18:49:37.868734,Storage Location 1,MISSING
2026-02-04 18:49:42.107902,Storage Location 1,MISSING
2026-02-04 18:49:42.913526,Storage Location 1,MISSING
2026-02-04 18:49:43.863572,Storage Location 1,MISSING
2026-02-04 18:49:43.977808,Storage Location 1,MISSING
2026-02-04 18:49:45.436000,Storage Location 1,MISSING
2026-02-04 18:49:45.899749,Storage Location 1,MISSING
2026-02-04 18:49:48.364454,Storage Location 1,MISSING
2026-02-04 18:49:50.543205,Storage Location 1,MISSING
2026-02-04 18:49:54.985111,Storage Location 1,MISSING
2026-02-04 18:50:03.880918,Storage Location 1,MISSING
2026-02-04 18:50:04.840898,Storage Location 1,MISSING
2026-02-04 18:50:18.477888,Storage Location 1,MISSING
2026-02-04 18:50:19.134049,Storage Location 1,MISSING
2026-02-04 18:50:19.790776,Storage Location 1,MISSING
2026-02-04 18:50:21.053248,Storage Location 1,MISSING
2026-02-04 18:50:21.308321,Storage Location 1,MISSING
2026-02-04 18:50:24.041484,Storage Location 1,MISSING
2026-02-04 18:50:24.847541,Storage Location 1,MISSING
2026-02-04 18:50:41.960516,Storage Location 1,MISSING
2026-02-04 18:50:42.118694,Storage Location 1,MISSING
2026-02-04 18:50:42.776411,Storage Location 1,MISSING
2026-02-04 18:50:43.224131,Storage Location 1,MISSING
2026-02-04 18:50:43.480524,Storage Location 1,MISSING
2026-02-04 18:50:44.085287,Storage Location 1,MISSING
2026-02-04 18:50:44.794402,Storage Location 1,MISSING
2026-02-04 18:50:45.053674,Storage Location 1,MISSING
2026-02-04 18:50:45.559892,Storage Location 1,MISSING
2026-02-04 18:50:46.008384,Storage Location 1,MISSING
2026-02-04 18:50:46.264559,Storage Location 1,MISSING
2026-02-04 18:50:46.712563,Storage Location 1,MISSING
2026-02-04 18:50:47.323285,Storage Location 1,MISSING
2026-02-04 18:53:21.833844,Storage Location 1,MISSING
2026-02-04 18:53:23.355081,Storage Location 1,MISSING
2026-02-04 18:53:25.272678,Storage Location 1,MISSING
2026-02-04 18:53:29.166083,Storage Location 1,MISSING
2026-02-04 18:53:34.409713,Storage Location 1,MISSING
2026-02-04 18:57:34.734084,Storage Location 1,MISSING
2026-02-04 18:57:41.708184,Storage Location 1,MISSING
2026-02-04 18:57:47.976483,Storage Location 1,MISSING
2026-02-04 18:58:34.493186,Storage Location 1,MISSING
2026-02-04 18:59:18.805834,Storage Location 1,MISSING
2026-02-04 19:06:35.454497,Storage Location 1,MISSING
2026-02-04 19:06:41.523442,Storage Location 1,MISSING
2026-02-04 19:06:50.766930,Storage Location 1,MISSING
2026-02-04 19:07:13.202979,Storage Location 1,MISSING
2026-02-04 19:07:28.355673,Storage Location 1,MISSING
2026-02-04 19:11:07.168182,Storage Location 1,MISSING
2026-02-04 19:11:17.024293,Storage Location 1,MISSING
2026-02-04 19:11:32.878223,Storage Location 1,MISSING
2026-02-04 19:11:44.094588,Storage Location 1,MISSING
2026-02-04 19:11:54.816890,Storage Location 1,MISSING
2026-02-04 19:57:08.370630,Storage Location 1,MISSING
2026-02-04 19:57:10.787875,Storage Location 1,MISSING
2026-02-04 19:57:13.516436,Storage Location 1,MISSING
2026-02-04 19:57:21.091527,Storage Location 1,MISSING
2026-02-04 19:57:23.312577,Storage Location 1,MISSING
2026-02-04 19:57:33.381174,Storage Location 1,MISSING
2026-02-04 19:57:34.641245,Storage Location 1,MISSING
2026-02-04 19:57:39.795827,Storage Location 1,MISSING
2026-02-04 19:57:41.290608,Storage Location 1,MISSING
2026-02-04 19:57:46.204275,Storage Location 1,MISSING
2026-02-04 20:00:00.327581,Storage Location 1,MISSING
2026-02-04 20:00:04.243165,Storage Location 1,MISSING
2026-02-04 20:00:07.109199,Storage Location 1,MISSING
2026-02-04 20:00:09.694213,Storage Location 1,MISSING
2026-02-04 20:00:10.594175,Storage Location 1,MISSING
2026-02-04 20:02:58.346318,Storage Location 1,MISSING
2026-02-04 20:03:04.503794,Storage Location 1,MISSING
2026-02-04 20:20:42.356674,Storage Location 1,MISSING
2026-02-04 20:20:53.174216,Storage Location 1,MISSING
2026-02-04 20:21:00.437835,Storage Location 1,MISSING
2026-02-04 20:22:03.326709,Storage Location 1,MISSING
2026-02-04 20:22:14.655195,Storage Location 1,MISSING
2026-02-04 20:22:23.346342,Storage Location 1,MISSING
2026-02-05 10:54:25.013584,Storage Location 1,MISSING
2026-02-05 10:54:37.329250,Storage Location 1,MISSING
2026-02-05 10:54:45.453113,Storage Location 1,MISSING
2026-02-05 10:54:59.825547,Storage Location 1,MISSING
2026-02-05 10:55:06.005010,Storage Location 1,MISSING
2026-02-05 10:58:28.338143,Storage Location 1,MISSING
2026-02-05 10:58:50.021863,Storage Location 1,MISSING
2026-02-05 10:58:59.040295,Storage Location 1,MISSING
2026-02-05 10:59:05.957776,Storage Location 1,MISSING
2026-02-05 14:33:33.450498,Storage Location 1,MISSING
2026-02-05 14:33:47.410754,Storage Location 1,MISSING
