ID,LOCATION
139013,
316965,
674941,
703495,
172176,
884924,
616185,
137607,
410172,
920267,
309897,
901564,
314993,
149483,
743333,
744932,
537643,
329047,
804824,
625622,
441603,
137607,
514397,
721209,
721209,
690438,
139013,
884924,
628363,
245681,
541944,
137607,
989676,
899777,
472919,
189913,
989676,
167110,
503828,
572499,
825501,
704055,
242300,
838303,
211612,
243361,
189202,
316386,
314993,
926270,
190549,
172176,
838303,
690438,
318449,
116092,
996684,
298398,
771631,
482189,
331202,
768299,
899777,
495905,
358231,
619251,
485852,
154292,
721209,
394175,
664602,
394175,
316386,
607784,
385304,
130238,
537643,
181648,
504201,
922227,
130238,
717037,
503002,
330834,
139486,
704055,
759504,
759504,
412097,
488222,
995539,
309897,
718371,
905208,
804824,
460107,
846405,
943431,
901337,
621384,
242721,
504201,
783175,
664602,
149483,
262219,
819917,
989429,
482790,
504201,
970391,
727936,
991647,
294270,
741730,
565339,
245681,
989429,
727936,
172176,
696332,
294270,
219036,
393621,
817448,
717037,
721737,
561803,
592637,
916831,
748560,
244493,
411026,
691731,
314630,
810358,
362975,
860132,
691731,
379232,
354210,
704055,
167110,
607784,
796661,
711090,
265576,
194050,
529911,
965873,
874982,
540707,
642183,
137944,
717037,
912132,
121231,
741730,
306650,
316965,
838303,
511235,
706300,
951664,
653342,
516858,
374918,
333094,
538870,
172176,
545681,
564438,
511235,
410642,
504035,
847429,
690438,
727936,
691731,
266987,
564397,
741730,
685471,
521307,
994232,
875329,
594631,
721209,
380257,
137101,
989676,
920267,
224273,
875329,
306650,
645706,
116092,
958168,
838303,
503002,
738004,
646540,
748560,
379358,
446954,
852500,
673536,
167110,
571798,
970391,
691900,
374918,
511235,
578486,
495905,
146170,
436102,
859018,
107276,
908766,
426462,
696332,
567226,
645396,
664602,
768299,
410642,
951664,
262219,
298398,
357949,
514397,
860132,
472919,
380257,
876192,
944283,
970391,
139486,
851156,
168974,
809720,
799631,
107276,
777562,
447411,
628363,
540707,
759504,
989429,
130238,
594236,
541944,
896376,
912132,
298398,
817448,
222663,
798547,
621182,
704055,
741730,
970391,
541944,
752279,
213286,
138448,
578486,
260441,
690438,
859018,
796661,
766105,
557948,
846405,
991485,
394175,
970391,
421867,
673536,
646540,
965873,
190549,
653342,
847429,
244493,
691900,
167506,
380257,
996684,
472919,
298398,
687181,
385297,
135263,
358231,
548007,
567226,
690438,
265576,
572499,
357949,
385297,
538870,
561137,
441603,
482790,
570657,
441603,
541944,
570657,
703495,
958168,
242721,
460107,
266987,
211612,
537643,
991647,
646540,
875329,
243361,
653342,
265576,
149483,
664602,
674941,
721209,
664602,
485852,
219036,
905208,
721737,
393144,
578486,
220799,
446954,
348830,
991647,
785946,
766105,
809720,
309897,
706300,
741730,
380257,
642492,
539892,
168974,
874442,
664602,
875329,
685471,
362975,
908766,
446954,
571798,
943431,
989429,
316435,
188053,
649237,
905208,
316386,
811473,
449601,
613673,
615082,
410172,
766105,
149483,
540707,
393144,
449601,
253510,
986696,
504201,
410642,
996684,
187133,
777562,
926270,
561803,
943431,
482189,
875329,
357949,
570657,
916831,
540029,
727936,
298398,
621182,
607784,
163159,
572499,
796661,
994232,
621182,
379232,
995943,
605656,
875329,
537643,
875329,
995539,
511235,
260441,
989429,
608744,
687181,
189202,
191306,
220799,
851156,
330834,
986696,
374918,
546451,
265576,
945312,
540029,
529911,
149483,
135263,
194050,
331202,
546451,
694843,
994669,
446954,
412097,
504201,
191306,
765692,
316386,
843382,
691731,
565339,
924828,
859626,
446954,
167110,
905208,
329047,
810358,
825501,
330834,
343597,
673536,
107461,
107276,
859626,
698073,
596606,
884924,
796661,
516858,
227857,
168974,
945312,
846405,
116759,
642492,
561137,
642492,
743066,
743333,
642183,
503002,
847429,
920267,
628363,
385304,
943431,
817448,
446954,
168974,
935904,
330834,
833040,
817448,
843382,
348830,
596606,
698073,
846405,
258915,
748560,
847429,
989676,
838303,
875329,
815116,
121231,
541944,
189913,
833040,
376929,
542636,
733129,
924828,
139486,
258915,
520883,
741730,
116759,
470888,
529911,
748560,
905208,
521307,
685471,
376929,
460020,
817448,
224273,
329047,
529911,
698073,
852500,
738004,
298398,
358231,
561137,
111730,
242721,
213286,
211612,
681435,
945312,
116092,
920267,
943431,
845654,
811913,
721209,
242300,
293417,
690438,
421867,
245681,
529911,
851156,
331202,
605656,
318449,
293417,
912941,
518804,
538870,
901564,
379232,
628363,
811473,
137607,
227857,
958168,
995943,
766105,
874982,
253510,
594631,
121231,
594631,
421867,
329047,
358231,
330834,
357949,
922227,
137101,
265576,
412097,
681435,
847429,
564438,
227857,
237433,
741730,
602764,
441603,
167110,
219036,
357578,
783175,
994669,
859018,
681435,
449601,
574503,
823781,
343597,
139013,
721209,
446954,
135263,
274529,
596606,
847429,
567226,
298398,
833671,
470888,
249326,
149483,
833987,
608744,
991485,
392230,
852500,
410642,
412097,
482790,
537643,
411026,
645706,
357578,
986696,
260441,
838303,
426462,
541944,
466049,
482790,
366632,
107276,
859626,
116092,
514397,
572499,
137101,
958168,
819917,
650550,
384838,
696332,
561137,
394175,
154286,
916831,
504201,
978750,
674941,
691900,
996684,
495905,
242300,
681015,
901564,
503002,
594631,
785946,
446954,
306650,
503002,
613673,
539892,
676859,
986696,
721737,
912941,
777562,
986774,
616185,
224273,
687181,
829160,
823871,
686398,
875329,
733129,
213286,
621384,
384838,
608744,
516858,
354210,
811473,
294270,
546451,
766105,
703495,
266987,
994669,
676859,
376929,
815116,
262219,
531874,
994669,
426462,
329047,
547314,
318449,
989429,
478697,
357578,
645706,
908766,
224273,
829160,
518804,
945312,
696332,
811913,
817448,
642183,
823871,
594236,
676859,
466049,
874982,
149483,
410642,
392230,
721737,
304597,
529911,
260441,
491393,
740336,
572499,
765692,
694843,
472919,
652964,
470888,
706300,
488222,
572499,
690438,
541944,
951664,
905208,
354210,
137101,
447411,
741730,
521307,
540029,
811473,
503002,
727936,
596175,
441603,
698073,
294270,
718371,
511235,
698073,
912941,
380257,
181648,
107276,
565339,
485852,
970391,
137944,
358231,
167506,
986774,
694843,
533170,
642492,
574503,
260441,
137101,
213286,
825501,
991485,
249326,
838303,
804824,
564397,
227857,
137607,
829160,
965873,
154286,
838303,
357578,
540029,
698073,
111730,
400025,
884924,
172176,
567226,
943431,
446954,
135263,
194050,
330834,
875329,
137944,
392230,
446954,
759504,
243361,
460020,
766105,
860132,
811473,
107276,
704055,
859626,
649237,
833671,
410172,
908766,
759504,
607784,
343597,
504035,
316386,
244493,
681015,
650550,
533170,
817448,
616185,
546451,
362496,
385297,
766105,
613673,
896376,
237433,
304597,
578486,
139486,
545092,
167506,
520883,
410642,
607784,
768299,
721737,
531874,
681015,
823781,
266987,
642492,
777562,
920267,
380257,
503002,
237433,
796661,
449601,
224273,
189913,
995539,
191306,
107276,
194050,
220799,
539892,
905208,
111730,
989676,
844589,
547314,
783175,
945312,
995539,
516858,
154286,
460107,
718371,
721737,
664602,
570657,
107461,
393144,
646540,
436102,
130238,
703495,
385297,
810358,
652964,
912941,
488222,
698073,
995943,
456301,
348830,
478697,
592637,
564438,
916831,
777562,
411026,
456301,
294270,
706300,
478697,
168974,
539892,
446954,
529911,
987866,
572499,
905208,
596606,
995539,
304597,
615082,
944283,
905208,
727936,
211612,
504035,
446954,
163159,
316965,
107276,
833040,
561137,
274529,
899777,
706300,
602764,
309897,
244493,
504201,
920267,
621384,
139486,
116092,
874442,
594631,
922227,
266987,
649237,
548007,
314630,
674941,
154286,
796661,
374918,
621182,
943431,
825501,
547314,
331202,
514397,
912941,
653342,
243361,
357578,
809720,
357949,
571798,
266987,
833671,
815116,
194050,
191306,
847429,
237433,
995539,
564438,
717037,
446954,
222663,
488222,
343597,
958168,
190549,
478697,
875329,
743333,
815116,
703495,
823871,
154292,
412097,
859018,
741730,
220799,
908766,
149483,
149483,
859018,
905208,
503002,
541944,
785946,
561137,
149483,
817448,
994669,
504035,
596175,
645396,
674941,
815116,
