ID,Name,Area (ft^2)
139013,Dell PowerEdge Server,5.41
316965,Polycom Conference Phone,0.81
674941,Jabra Headset Wireless,0.67
703495,MacBook Pro 16in,0.59
172176,Dell Latitude Laptop,1.97
884924,Dell Latitude Laptop,1.85
616185,Raspberry Pi 4 Kit,0.46
137607,Seagate External Drive,0.38
410172,Raspberry Pi 4 Kit,0.69
920267,Raspberry Pi 4 Kit,0.63
309897,TP-Link WiFi 6 Router,0.52
901564,Lenovo ThinkPad,0.43
314993,Ubiquiti Access Point,0.69
149483,CyberPower Surge Protector,0.61
743333,APC UPS Battery Backup,0.8
744932,Belkin Docking Station,0.45
537643,Canon ImageClass Printer,3.6
329047,HP ProLiant Server Rack,4.29
804824,Dell PowerEdge Server,5.31
625622,Sony Professional Headphones,0.67
441603,Bose QuietComfort Earbuds,0.62
137607,StarTech KVM Switch,0.39
514397,Lenovo ThinkPad,0.62
721209,Apple iMac 24in,3.26
721209,Zebra Barcode Scanner,0.85
690438,Jabra Headset Wireless,0.56
139013,HP ProLiant Server Rack,4.76
884924,Brother Label Maker,0.33
628363,Jabra Headset Wireless,0.75
245681,Epson Laser Printer,3.56
541944,Sony Professional Headphones,0.72
137607,Dell Latitude Laptop,1.99
989676,MacBook Pro 16in,0.41
899777,Netgear Switch 48-Port,0.54
472919,ASUS Gaming Laptop,1.91
189913,Cisco Router 2900,0.79
989676,iPhone 15 Pro,0.87
167110,TP-Link WiFi 6 Router,1.16
503828,Zebra Barcode Scanner,1.05
572499,Samsung 2TB SSD,0.58
825501,LG Monitor 32in,2.33
704055,Brother Label Maker,0.49
242300,CyberPower Surge Protector,0.59
838303,Belkin Docking Station,0.68
211612,Polycom Conference Phone,0.53
243361,ASUS Gaming Laptop,1.86
189202,Dell Latitude Laptop,2.3
316386,Apple AirPods Pro,0.78
314993,Sony Professional Headphones,0.41
926270,Bose QuietComfort Earbuds,0.2
190549,Belkin Docking Station,0.39
172176,APC UPS Battery Backup,0.61
838303,Logitech Keyboard/Mouse Combo,0.68
690438,MacBook Pro 16in,0.42
318449,Canon ImageClass Printer,3.25
116092,ASUS Gaming Laptop,1.9
996684,Polycom Conference Phone,0.94
298398,Dell PowerEdge Server,6.03
771631,Dell PowerEdge Server,5.34
482189,iPhone 15 Pro,0.54
331202,Dell Latitude Laptop,2.15
768299,Epson Laser Printer,3.27
899777,TP-Link WiFi 6 Router,0.6
495905,Sony Professional Headphones,0.8
358231,Zebra Barcode Scanner,0.74
619251,Samsung Monitor 27in,1.84
485852,HP ProDesk Desktop,3.0
154292,Apple iMac 24in,3.11
721209,ASUS Gaming Laptop,1.73
394175,Samsung 2TB SSD,0.22
664602,Raspberry Pi 4 Kit,0.44
394175,LG Monitor 32in,1.94
316386,ASUS Gaming Laptop,1.52
607784,Seagate External Drive,0.28
385304,Samsung Galaxy Tab,0.43
130238,APC Smart-UPS 1500VA,0.76
537643,Zebra Barcode Scanner,0.96
181648,Zebra Barcode Scanner,1.02
504201,Samsung 2TB SSD,0.54
922227,Dell Latitude Laptop,2.05
130238,Lenovo ThinkPad,0.41
717037,Apple AirPods Pro,0.57
503002,Logitech Keyboard/Mouse Combo,0.21
330834,CyberPower Surge Protector,0.63
139486,Lenovo ThinkPad,0.31
704055,HP ProLiant Server Rack,5.37
759504,StarTech KVM Switch,0.76
759504,Honeywell Scanner Gun,0.79
412097,Canon ImageClass Printer,2.72
488222,Netgear Switch 48-Port,0.69
995539,Raspberry Pi 4 Kit,0.41
309897,Polycom Conference Phone,1.15
718371,Samsung Monitor 27in,2.1
905208,StarTech KVM Switch,0.44
804824,Tripp Lite Rack PDU,4.42
460107,APC UPS Battery Backup,0.6
846405,TP-Link WiFi 6 Router,0.98
943431,StarTech KVM Switch,0.75
901337,iPad Pro 12.9in,1.44
621384,Sony Professional Headphones,0.76
242721,APC Smart-UPS 1500VA,0.23
504201,Anker USB-C Hub,0.51
783175,MacBook Pro 16in,0.71
664602,StarTech KVM Switch,0.2
149483,LG Monitor 32in,1.65
262219,Raspberry Pi 4 Kit,0.73
819917,Apple AirPods Pro,0.77
989429,HP ProDesk Desktop,2.76
482790,Epson Laser Printer,3.1
504201,Polycom Conference Phone,0.99
970391,TP-Link WiFi 6 Router,1.05
727936,ASUS Gaming Laptop,2.23
991647,Ubiquiti Access Point,0.73
294270,Cisco Router 2900,0.96
741730,StarTech KVM Switch,0.47
565339,Belkin Docking Station,0.22
245681,Netgear Switch 48-Port,0.25
989429,Netgear Switch 48-Port,0.68
727936,Ubiquiti Access Point,0.33
172176,HP ProLiant Server Rack,6.06
696332,Samsung 2TB SSD,0.53
294270,iPhone 15 Pro,1.0
219036,CyberPower Surge Protector,0.65
393621,Epson Laser Printer,3.92
817448,Brother Label Maker,0.7
717037,Netgear Switch 48-Port,0.58
721737,iPad Pro 12.9in,1.16
561803,HP ProDesk Desktop,3.58
592637,Dell Latitude Laptop,2.19
916831,Polycom Conference Phone,0.92
748560,Samsung Galaxy Tab,0.2
244493,APC UPS Battery Backup,0.75
411026,LG Monitor 32in,1.61
691731,Zebra Barcode Scanner,0.67
314630,iPhone 15 Pro,1.03
810358,Dell Latitude Laptop,2.46
362975,Seagate External Drive,0.3
860132,APC UPS Battery Backup,0.34
691731,APC Smart-UPS 1500VA,0.75
379232,Polycom Conference Phone,0.87
354210,Ubiquiti Access Point,0.35
704055,Brother Label Maker,0.4
167110,Logitech Keyboard/Mouse Combo,0.36
607784,APC Smart-UPS 1500VA,0.71
796661,Brother Label Maker,0.53
711090,Raspberry Pi 4 Kit,0.72
265576,Anker USB-C Hub,0.56
194050,Seagate External Drive,0.28
529911,APC Smart-UPS 1500VA,0.55
965873,Western Digital 4TB HDD,0.61
874982,APC Smart-UPS 1500VA,0.42
540707,Netgear Switch 48-Port,0.64
642183,Samsung Galaxy Tab,0.73
137944,Zebra Barcode Scanner,0.83
717037,Sony Professional Headphones,0.2
912132,Samsung 2TB SSD,0.57
121231,Seagate External Drive,0.51
741730,Microsoft Surface Pro,0.76
306650,Polycom Conference Phone,1.13
316965,Logitech Keyboard/Mouse Combo,0.47
838303,Anker USB-C Hub,0.67
511235,Samsung 2TB SSD,0.57
706300,Netgear Switch 48-Port,0.6
951664,APC UPS Battery Backup,0.76
653342,Sony Professional Headphones,0.8
516858,Belkin Docking Station,0.66
374918,Western Digital 4TB HDD,0.79
333094,TP-Link WiFi 6 Router,0.94
538870,iPhone 15 Pro,0.83
172176,Samsung Monitor 27in,2.15
545681,MacBook Pro 16in,0.64
564438,Polycom Conference Phone,0.71
511235,Dell Latitude Laptop,1.98
410642,Dell PowerEdge Server,5.08
504035,iPad Pro 12.9in,0.83
847429,Honeywell Scanner Gun,0.5
690438,Anker USB-C Hub,0.21
727936,Raspberry Pi 4 Kit,0.22
691731,HP ProDesk Desktop,3.6
266987,Apple AirPods Pro,0.62
564397,Anker USB-C Hub,0.68
741730,LG Monitor 32in,2.18
685471,ASUS Gaming Laptop,1.77
521307,Zebra Barcode Scanner,0.82
994232,Zebra Barcode Scanner,0.71
875329,Dell PowerEdge Server,4.32
594631,ASUS Gaming Laptop,1.56
721209,Ubiquiti Access Point,0.57
380257,APC Smart-UPS 1500VA,0.63
137101,Lenovo ThinkPad,0.6
989676,Seagate External Drive,0.41
920267,HP ProLiant Server Rack,4.16
224273,Logitech Keyboard/Mouse Combo,0.2
875329,Anker USB-C Hub,0.56
306650,Belkin Docking Station,0.23
645706,StarTech KVM Switch,0.44
116092,iPhone 15 Pro,1.16
958168,HP ProDesk Desktop,3.05
838303,Netgear Switch 48-Port,0.45
503002,Zebra Barcode Scanner,0.81
738004,StarTech KVM Switch,0.63
646540,TP-Link WiFi 6 Router,0.93
748560,MacBook Pro 16in,0.47
379358,iPhone 15 Pro,0.93
446954,Microsoft Surface Pro,0.47
852500,APC UPS Battery Backup,0.59
673536,StarTech KVM Switch,0.27
167110,Raspberry Pi 4 Kit,0.34
571798,Samsung Galaxy Tab,0.66
970391,LG Monitor 32in,2.27
691900,Canon ImageClass Printer,3.24
374918,Canon ImageClass Printer,3.25
511235,Apple iMac 24in,3.87
578486,Lenovo ThinkPad,0.28
495905,Raspberry Pi 4 Kit,0.25
146170,CyberPower Surge Protector,0.76
436102,TP-Link WiFi 6 Router,0.99
859018,StarTech KVM Switch,0.54
107276,Logitech Keyboard/Mouse Combo,0.46
908766,Anker USB-C Hub,0.7
426462,Canon ImageClass Printer,3.27
696332,CyberPower Surge Protector,0.39
567226,Zebra Barcode Scanner,1.18
645396,TP-Link WiFi 6 Router,0.63
664602,Raspberry Pi 4 Kit,0.34
768299,Logitech Keyboard/Mouse Combo,0.77
410642,iPhone 15 Pro,0.62
951664,TP-Link WiFi 6 Router,0.55
262219,LG Monitor 32in,1.66
298398,APC UPS Battery Backup,0.5
357949,Logitech Keyboard/Mouse Combo,0.65
514397,APC UPS Battery Backup,0.23
860132,Anker USB-C Hub,0.75
472919,APC Smart-UPS 1500VA,0.71
380257,Jabra Headset Wireless,0.34
876192,StarTech KVM Switch,0.31
944283,HP ProDesk Desktop,3.64
970391,Dell PowerEdge Server,4.59
139486,Microsoft Surface Pro,0.74
851156,Samsung Galaxy Tab,0.47
168974,Dell PowerEdge Server,4.38
809720,Dell Latitude Laptop,1.82
799631,iPhone 15 Pro,1.13
107276,Epson Laser Printer,3.47
777562,Seagate External Drive,0.65
447411,StarTech KVM Switch,0.3
628363,Dell Latitude Laptop,1.51
540707,Brother Label Maker,0.3
759504,ASUS Gaming Laptop,1.55
989429,Dell PowerEdge Server,6.17
130238,Netgear Switch 48-Port,0.24
594236,Canon ImageClass Printer,3.3
541944,Epson Laser Printer,3.08
896376,Zebra Barcode Scanner,0.79
912132,Western Digital 4TB HDD,0.65
298398,Samsung 2TB SSD,0.65
817448,Epson Laser Printer,3.16
222663,Logitech Keyboard/Mouse Combo,0.72
798547,HP ProDesk Desktop,2.92
621182,Microsoft Surface Pro,0.39
704055,iPad Pro 12.9in,0.99
741730,Samsung Galaxy Tab,0.78
970391,iPhone 15 Pro,0.83
541944,Western Digital 4TB HDD,0.45
752279,HP ProDesk Desktop,3.13
213286,APC Smart-UPS 1500VA,0.78
138448,Dell Latitude Laptop,1.56
578486,ASUS Gaming Laptop,1.95
260441,Logitech Keyboard/Mouse Combo,0.61
690438,APC Smart-UPS 1500VA,0.79
859018,Honeywell Scanner Gun,1.0
796661,Honeywell Scanner Gun,1.0
766105,Ubiquiti Access Point,0.21
557948,Zebra Barcode Scanner,0.71
846405,APC Smart-UPS 1500VA,0.77
991485,APC UPS Battery Backup,0.61
394175,Logitech Keyboard/Mouse Combo,0.53
970391,Apple AirPods Pro,0.21
421867,APC Smart-UPS 1500VA,0.63
673536,HP ProLiant Server Rack,5.9
646540,Seagate External Drive,0.21
965873,HP ProDesk Desktop,3.51
190549,Apple iMac 24in,3.7
653342,Zebra Barcode Scanner,0.62
847429,Tripp Lite Rack PDU,4.04
244493,CyberPower Surge Protector,0.56
691900,Anker USB-C Hub,0.38
167506,Honeywell Scanner Gun,0.78
380257,Logitech Keyboard/Mouse Combo,0.25
996684,HP ProDesk Desktop,3.53
472919,Canon ImageClass Printer,3.54
298398,ASUS Gaming Laptop,1.63
687181,Honeywell Scanner Gun,1.05
385297,Honeywell Scanner Gun,0.65
135263,Dell Latitude Laptop,2.32
358231,Belkin Docking Station,0.37
548007,Bose QuietComfort Earbuds,0.49
567226,Microsoft Surface Pro,0.46
690438,Samsung Monitor 27in,2.15
265576,Anker USB-C Hub,0.33
572499,StarTech KVM Switch,0.61
357949,Netgear Switch 48-Port,0.35
385297,CyberPower Surge Protector,0.36
538870,Western Digital 4TB HDD,0.71
561137,Cisco Router 2900,0.5
441603,Dell PowerEdge Server,6.14
482790,iPhone 15 Pro,0.83
570657,Netgear Switch 48-Port,0.44
441603,Apple AirPods Pro,0.55
541944,LG Monitor 32in,2.02
570657,iPad Pro 12.9in,0.89
703495,CyberPower Surge Protector,0.52
958168,Tripp Lite Rack PDU,5.33
242721,Zebra Barcode Scanner,0.76
460107,LG Monitor 32in,2.31
266987,Anker USB-C Hub,0.3
211612,iPad Pro 12.9in,1.43
537643,Apple iMac 24in,3.01
991647,APC UPS Battery Backup,0.52
646540,HP ProDesk Desktop,2.61
875329,Polycom Conference Phone,1.12
243361,Polycom Conference Phone,1.19
653342,Brother Label Maker,0.63
265576,Logitech Keyboard/Mouse Combo,0.35
149483,Bose QuietComfort Earbuds,0.32
664602,Polycom Conference Phone,1.01
674941,CyberPower Surge Protector,0.76
721209,APC UPS Battery Backup,0.5
664602,Seagate External Drive,0.4
485852,Jabra Headset Wireless,0.45
219036,Samsung 2TB SSD,0.34
905208,Samsung Monitor 27in,1.8
721737,Dell PowerEdge Server,5.73
393144,Netgear Switch 48-Port,0.2
578486,Jabra Headset Wireless,0.39
220799,HP ProDesk Desktop,3.03
446954,LG Monitor 32in,2.31
348830,Apple iMac 24in,2.52
991647,Samsung 2TB SSD,0.68
785946,HP ProDesk Desktop,4.0
766105,Logitech Keyboard/Mouse Combo,0.3
809720,Bose QuietComfort Earbuds,0.57
309897,LG Monitor 32in,2.4
706300,MacBook Pro 16in,0.51
741730,Canon ImageClass Printer,2.52
380257,Sony Professional Headphones,0.4
642492,iPad Pro 12.9in,0.93
539892,Netgear Switch 48-Port,0.52
168974,Canon ImageClass Printer,2.98
874442,Belkin Docking Station,0.58
664602,Canon ImageClass Printer,3.92
875329,Anker USB-C Hub,0.62
685471,HP ProDesk Desktop,3.79
362975,Apple AirPods Pro,0.5
908766,Canon ImageClass Printer,2.72
446954,Ubiquiti Access Point,0.39
571798,Samsung Monitor 27in,2.26
943431,Ubiquiti Access Point,0.34
989429,Ubiquiti Access Point,0.6
316435,APC UPS Battery Backup,0.78
188053,Cisco Router 2900,0.87
649237,Samsung Monitor 27in,2.37
905208,Honeywell Scanner Gun,1.08
316386,Microsoft Surface Pro,0.48
811473,Netgear Switch 48-Port,0.45
449601,StarTech KVM Switch,0.45
613673,StarTech KVM Switch,0.6
615082,Epson Laser Printer,3.58
410172,Logitech Keyboard/Mouse Combo,0.7
766105,Honeywell Scanner Gun,0.83
149483,LG Monitor 32in,2.38
540707,Netgear Switch 48-Port,0.65
393144,StarTech KVM Switch,0.58
449601,Cisco Router 2900,1.06
253510,Tripp Lite Rack PDU,5.17
986696,Raspberry Pi 4 Kit,0.34
504201,Apple AirPods Pro,0.36
410642,Cisco Router 2900,1.14
996684,APC Smart-UPS 1500VA,0.54
187133,Apple AirPods Pro,0.31
777562,HP ProLiant Server Rack,5.32
926270,Bose QuietComfort Earbuds,0.61
561803,Epson Laser Printer,2.62
943431,iPhone 15 Pro,0.69
482189,Cisco Router 2900,0.71
875329,StarTech KVM Switch,0.29
357949,Logitech Keyboard/Mouse Combo,0.34
570657,iPhone 15 Pro,1.15
916831,MacBook Pro 16in,0.34
540029,TP-Link WiFi 6 Router,0.89
727936,StarTech KVM Switch,0.5
298398,iPad Pro 12.9in,1.16
621182,Netgear Switch 48-Port,0.2
607784,ASUS Gaming Laptop,1.64
163159,Western Digital 4TB HDD,0.48
572499,Belkin Docking Station,0.23
796661,MacBook Pro 16in,0.49
994232,Netgear Switch 48-Port,0.68
621182,Western Digital 4TB HDD,0.36
379232,HP ProDesk Desktop,3.26
995943,Polycom Conference Phone,0.76
605656,Belkin Docking Station,0.79
875329,APC UPS Battery Backup,0.5
537643,Dell PowerEdge Server,6.38
875329,CyberPower Surge Protector,0.64
995539,Dell PowerEdge Server,5.0
511235,APC UPS Battery Backup,0.21
260441,Microsoft Surface Pro,0.54
989429,Dell Latitude Laptop,1.97
608744,APC UPS Battery Backup,0.3
687181,HP ProLiant Server Rack,4.83
189202,Bose QuietComfort Earbuds,0.71
191306,CyberPower Surge Protector,0.21
220799,iPhone 15 Pro,0.56
851156,Canon ImageClass Printer,2.62
330834,MacBook Pro 16in,0.62
986696,Microsoft Surface Pro,0.3
374918,Apple iMac 24in,3.87
546451,APC UPS Battery Backup,0.24
265576,Samsung 2TB SSD,0.67
945312,HP ProDesk Desktop,3.23
540029,Honeywell Scanner Gun,0.52
529911,MacBook Pro 16in,0.8
149483,Dell PowerEdge Server,5.22
135263,Dell Latitude Laptop,2.38
194050,APC Smart-UPS 1500VA,0.71
331202,Epson Laser Printer,3.57
546451,Western Digital 4TB HDD,0.7
694843,HP ProDesk Desktop,3.21
994669,Tripp Lite Rack PDU,5.22
446954,Cisco Router 2900,0.82
412097,Cisco Router 2900,0.77
504201,Seagate External Drive,0.53
191306,HP ProLiant Server Rack,5.36
765692,Anker USB-C Hub,0.26
316386,HP ProLiant Server Rack,4.69
843382,Samsung 2TB SSD,0.59
691731,Zebra Barcode Scanner,1.16
565339,LG Monitor 32in,2.07
924828,TP-Link WiFi 6 Router,1.14
859626,Samsung Monitor 27in,2.32
446954,Samsung Monitor 27in,2.36
167110,TP-Link WiFi 6 Router,0.66
905208,Sony Professional Headphones,0.79
329047,Samsung Monitor 27in,2.2
810358,Apple iMac 24in,3.72
825501,Sony Professional Headphones,0.41
330834,MacBook Pro 16in,0.2
343597,Honeywell Scanner Gun,0.71
673536,APC UPS Battery Backup,0.71
107461,Cisco Router 2900,1.1
107276,Netgear Switch 48-Port,0.7
859626,Canon ImageClass Printer,3.44
698073,Lenovo ThinkPad,0.4
596606,Logitech Keyboard/Mouse Combo,0.4
884924,HP ProDesk Desktop,2.95
796661,HP ProDesk Desktop,2.61
516858,Logitech Keyboard/Mouse Combo,0.59
227857,Zebra Barcode Scanner,1.11
168974,Ubiquiti Access Point,0.49
945312,Lenovo ThinkPad,0.63
846405,Netgear Switch 48-Port,0.37
116759,iPad Pro 12.9in,1.04
642492,Bose QuietComfort Earbuds,0.35
561137,Seagate External Drive,0.6
642492,Samsung Monitor 27in,2.5
743066,ASUS Gaming Laptop,2.1
743333,Zebra Barcode Scanner,0.89
642183,ASUS Gaming Laptop,1.52
503002,Polycom Conference Phone,0.71
847429,Netgear Switch 48-Port,0.45
920267,Honeywell Scanner Gun,1.1
628363,APC Smart-UPS 1500VA,0.55
385304,Cisco Router 2900,0.98
943431,iPad Pro 12.9in,1.29
817448,Samsung 2TB SSD,0.26
446954,Samsung 2TB SSD,0.24
168974,Samsung Monitor 27in,1.55
935904,StarTech KVM Switch,0.57
330834,Samsung Monitor 27in,2.46
833040,Anker USB-C Hub,0.67
817448,Dell Latitude Laptop,1.76
843382,Microsoft Surface Pro,0.74
348830,CyberPower Surge Protector,0.71
596606,Polycom Conference Phone,0.72
698073,Bose QuietComfort Earbuds,0.79
846405,iPad Pro 12.9in,0.97
258915,LG Monitor 32in,2.09
748560,StarTech KVM Switch,0.32
847429,Tripp Lite Rack PDU,6.31
989676,Seagate External Drive,0.7
838303,Samsung 2TB SSD,0.36
875329,Dell Latitude Laptop,2.34
815116,ASUS Gaming Laptop,2.5
121231,Apple AirPods Pro,0.22
541944,Dell Latitude Laptop,2.35
189913,HP ProLiant Server Rack,5.87
833040,Honeywell Scanner Gun,0.72
376929,MacBook Pro 16in,0.33
542636,StarTech KVM Switch,0.37
733129,Anker USB-C Hub,0.28
924828,Honeywell Scanner Gun,0.76
139486,Samsung 2TB SSD,0.22
258915,Samsung Monitor 27in,2.39
520883,Samsung Galaxy Tab,0.72
741730,Sony Professional Headphones,0.44
116759,HP ProLiant Server Rack,5.7
470888,iPhone 15 Pro,0.92
529911,Brother Label Maker,0.21
748560,Belkin Docking Station,0.67
905208,Canon ImageClass Printer,3.25
521307,Netgear Switch 48-Port,0.73
685471,iPhone 15 Pro,0.73
376929,Epson Laser Printer,2.82
460020,Bose QuietComfort Earbuds,0.26
817448,Honeywell Scanner Gun,0.88
224273,Samsung 2TB SSD,0.44
329047,Western Digital 4TB HDD,0.33
529911,iPad Pro 12.9in,1.33
698073,Western Digital 4TB HDD,0.59
852500,Logitech Keyboard/Mouse Combo,0.57
738004,APC UPS Battery Backup,0.46
298398,Netgear Switch 48-Port,0.55
358231,Samsung Monitor 27in,2.0
561137,Seagate External Drive,0.54
111730,Seagate External Drive,0.28
242721,Cisco Router 2900,0.76
213286,Anker USB-C Hub,0.6
211612,Logitech Keyboard/Mouse Combo,0.24
681435,HP ProDesk Desktop,3.2
945312,APC Smart-UPS 1500VA,0.54
116092,Samsung 2TB SSD,0.4
920267,Samsung 2TB SSD,0.21
943431,Lenovo ThinkPad,0.59
845654,Anker USB-C Hub,0.3
811913,Canon ImageClass Printer,2.7
721209,Sony Professional Headphones,0.56
242300,Seagate External Drive,0.25
293417,Western Digital 4TB HDD,0.37
690438,Lenovo ThinkPad,0.78
421867,StarTech KVM Switch,0.74
245681,Tripp Lite Rack PDU,5.19
529911,Belkin Docking Station,0.37
851156,Anker USB-C Hub,0.71
331202,Logitech Keyboard/Mouse Combo,0.23
605656,APC Smart-UPS 1500VA,0.58
318449,Seagate External Drive,0.44
293417,Canon ImageClass Printer,2.7
912941,Anker USB-C Hub,0.21
518804,Bose QuietComfort Earbuds,0.27
538870,Bose QuietComfort Earbuds,0.72
901564,MacBook Pro 16in,0.31
379232,Sony Professional Headphones,0.4
628363,ASUS Gaming Laptop,2.35
811473,Samsung Galaxy Tab,0.41
137607,Brother Label Maker,0.28
227857,HP ProLiant Server Rack,5.19
958168,Cisco Router 2900,1.11
995943,Raspberry Pi 4 Kit,0.65
766105,APC Smart-UPS 1500VA,0.38
874982,Tripp Lite Rack PDU,5.21
253510,HP ProLiant Server Rack,4.55
594631,Western Digital 4TB HDD,0.21
121231,HP ProDesk Desktop,3.97
594631,Belkin Docking Station,0.38
421867,MacBook Pro 16in,0.54
329047,iPhone 15 Pro,0.68
358231,Logitech Keyboard/Mouse Combo,0.55
330834,iPhone 15 Pro,0.69
357949,Jabra Headset Wireless,0.47
922227,Polycom Conference Phone,0.89
137101,APC UPS Battery Backup,0.76
265576,Honeywell Scanner Gun,0.7
412097,Anker USB-C Hub,0.47
681435,Microsoft Surface Pro,0.33
847429,APC UPS Battery Backup,0.43
564438,Samsung Galaxy Tab,0.55
227857,Sony Professional Headphones,0.64
237433,Tripp Lite Rack PDU,4.42
741730,Netgear Switch 48-Port,0.67
602764,ASUS Gaming Laptop,1.51
441603,Samsung 2TB SSD,0.35
167110,Netgear Switch 48-Port,0.38
219036,Sony Professional Headphones,0.65
357578,Sony Professional Headphones,0.44
783175,Honeywell Scanner Gun,1.01
994669,HP ProLiant Server Rack,5.06
859018,Zebra Barcode Scanner,0.59
681435,Microsoft Surface Pro,0.28
449601,Canon ImageClass Printer,2.57
574503,iPad Pro 12.9in,1.26
823781,Anker USB-C Hub,0.23
343597,Samsung 2TB SSD,0.23
139013,Polycom Conference Phone,0.97
721209,Epson Laser Printer,3.35
446954,Zebra Barcode Scanner,0.74
135263,Honeywell Scanner Gun,1.06
274529,HP ProLiant Server Rack,4.01
596606,Samsung 2TB SSD,0.52
847429,ASUS Gaming Laptop,1.67
567226,TP-Link WiFi 6 Router,1.11
298398,Dell PowerEdge Server,5.45
833671,Samsung Galaxy Tab,0.37
470888,Bose QuietComfort Earbuds,0.22
249326,StarTech KVM Switch,0.48
149483,Samsung Monitor 27in,1.95
833987,CyberPower Surge Protector,0.75
608744,Zebra Barcode Scanner,1.09
991485,Samsung Monitor 27in,1.78
392230,Apple iMac 24in,3.19
852500,Honeywell Scanner Gun,0.84
410642,Microsoft Surface Pro,0.22
412097,Zebra Barcode Scanner,0.95
482790,Dell Latitude Laptop,1.7
537643,Tripp Lite Rack PDU,4.53
411026,APC Smart-UPS 1500VA,0.77
645706,Apple iMac 24in,3.71
357578,Raspberry Pi 4 Kit,0.6
986696,Samsung Galaxy Tab,0.75
260441,MacBook Pro 16in,0.65
838303,Dell Latitude Laptop,2.02
426462,HP ProLiant Server Rack,4.49
541944,Tripp Lite Rack PDU,5.68
466049,ASUS Gaming Laptop,2.01
482790,TP-Link WiFi 6 Router,0.94
366632,Bose QuietComfort Earbuds,0.47
107276,APC Smart-UPS 1500VA,0.35
859626,Bose QuietComfort Earbuds,0.69
116092,TP-Link WiFi 6 Router,0.75
514397,Epson Laser Printer,2.99
572499,ASUS Gaming Laptop,1.6
137101,Western Digital 4TB HDD,0.59
958168,Zebra Barcode Scanner,0.63
819917,Polycom Conference Phone,0.84
650550,Anker USB-C Hub,0.36
384838,Lenovo ThinkPad,0.55
696332,Zebra Barcode Scanner,1.12
561137,Epson Laser Printer,3.0
394175,Ubiquiti Access Point,0.52
154286,Sony Professional Headphones,0.55
916831,Logitech Keyboard/Mouse Combo,0.54
504201,Belkin Docking Station,0.66
978750,APC Smart-UPS 1500VA,0.41
674941,Samsung Galaxy Tab,0.27
691900,Anker USB-C Hub,0.71
996684,iPhone 15 Pro,0.63
495905,Cisco Router 2900,0.9
242300,Zebra Barcode Scanner,1.12
681015,Apple AirPods Pro,0.69
901564,LG Monitor 32in,1.54
503002,Epson Laser Printer,3.67
594631,Ubiquiti Access Point,0.59
785946,Polycom Conference Phone,0.84
446954,StarTech KVM Switch,0.69
306650,Western Digital 4TB HDD,0.27
503002,LG Monitor 32in,2.34
613673,Epson Laser Printer,3.16
539892,Seagate External Drive,0.28
676859,Samsung Monitor 27in,2.39
986696,Polycom Conference Phone,0.73
721737,Zebra Barcode Scanner,1.18
912941,APC Smart-UPS 1500VA,0.25
777562,Samsung 2TB SSD,0.56
986774,Netgear Switch 48-Port,0.75
616185,Dell PowerEdge Server,5.41
224273,Apple AirPods Pro,0.43
687181,Brother Label Maker,0.46
829160,LG Monitor 32in,1.77
823871,Microsoft Surface Pro,0.32
686398,Polycom Conference Phone,0.69
875329,TP-Link WiFi 6 Router,0.88
733129,Tripp Lite Rack PDU,4.89
213286,Seagate External Drive,0.54
621384,LG Monitor 32in,1.57
384838,HP ProDesk Desktop,3.21
608744,Polycom Conference Phone,0.69
516858,Microsoft Surface Pro,0.65
354210,StarTech KVM Switch,0.8
811473,Samsung Monitor 27in,2.31
294270,Raspberry Pi 4 Kit,0.21
546451,Apple AirPods Pro,0.65
766105,Ubiquiti Access Point,0.66
703495,Epson Laser Printer,3.48
266987,Polycom Conference Phone,1.15
994669,ASUS Gaming Laptop,2.47
676859,Bose QuietComfort Earbuds,0.43
376929,Apple AirPods Pro,0.32
815116,Apple iMac 24in,3.98
262219,LG Monitor 32in,2.38
531874,iPad Pro 12.9in,1.3
994669,Microsoft Surface Pro,0.31
426462,ASUS Gaming Laptop,2.17
329047,CyberPower Surge Protector,0.55
547314,CyberPower Surge Protector,0.37
318449,Raspberry Pi 4 Kit,0.25
989429,Honeywell Scanner Gun,1.0
478697,Apple AirPods Pro,0.6
357578,Bose QuietComfort Earbuds,0.61
645706,APC UPS Battery Backup,0.46
908766,Tripp Lite Rack PDU,5.92
224273,Apple iMac 24in,3.19
829160,APC UPS Battery Backup,0.65
518804,Dell PowerEdge Server,5.62
945312,ASUS Gaming Laptop,1.66
696332,ASUS Gaming Laptop,1.83
811913,Western Digital 4TB HDD,0.23
817448,Anker USB-C Hub,0.76
642183,StarTech KVM Switch,0.7
823871,Bose QuietComfort Earbuds,0.47
594236,iPhone 15 Pro,1.0
676859,Samsung Galaxy Tab,0.64
466049,Raspberry Pi 4 Kit,0.42
874982,APC UPS Battery Backup,0.71
149483,Raspberry Pi 4 Kit,0.51
410642,TP-Link WiFi 6 Router,1.07
392230,iPad Pro 12.9in,1.27
721737,Zebra Barcode Scanner,1.05
304597,Apple AirPods Pro,0.5
529911,Cisco Router 2900,1.05
260441,Microsoft Surface Pro,0.48
491393,Samsung Monitor 27in,2.37
740336,TP-Link WiFi 6 Router,0.79
572499,Anker USB-C Hub,0.8
765692,Tripp Lite Rack PDU,5.18
694843,Honeywell Scanner Gun,0.52
472919,Polycom Conference Phone,1.1
652964,Netgear Switch 48-Port,0.7
470888,Ubiquiti Access Point,0.21
706300,Anker USB-C Hub,0.55
488222,Microsoft Surface Pro,0.61
572499,Brother Label Maker,0.32
690438,iPhone 15 Pro,0.7
541944,Bose QuietComfort Earbuds,0.43
951664,iPhone 15 Pro,1.14
905208,Honeywell Scanner Gun,1.15
354210,Ubiquiti Access Point,0.55
137101,Samsung 2TB SSD,0.77
447411,Seagate External Drive,0.3
741730,Bose QuietComfort Earbuds,0.39
521307,HP ProLiant Server Rack,6.5
540029,Raspberry Pi 4 Kit,0.52
811473,LG Monitor 32in,2.37
503002,Jabra Headset Wireless,0.63
727936,Apple AirPods Pro,0.26
596175,Jabra Headset Wireless,0.67
441603,Dell PowerEdge Server,6.17
698073,Dell PowerEdge Server,6.05
294270,Western Digital 4TB HDD,0.7
718371,Epson Laser Printer,2.88
511235,Dell PowerEdge Server,6.15
698073,Brother Label Maker,0.56
912941,Lenovo ThinkPad,0.46
380257,Logitech Keyboard/Mouse Combo,0.6
181648,Bose QuietComfort Earbuds,0.66
107276,APC UPS Battery Backup,0.5
565339,Ubiquiti Access Point,0.39
485852,Samsung 2TB SSD,0.75
970391,Seagate External Drive,0.31
137944,Belkin Docking Station,0.77
358231,Brother Label Maker,0.5
167506,HP ProDesk Desktop,3.17
986774,Dell PowerEdge Server,5.52
694843,Dell PowerEdge Server,6.44
533170,Dell Latitude Laptop,1.64
642492,CyberPower Surge Protector,0.71
574503,Dell PowerEdge Server,6.17
260441,HP ProLiant Server Rack,5.64
137101,Netgear Switch 48-Port,0.24
213286,TP-Link WiFi 6 Router,1.2
825501,Belkin Docking Station,0.38
991485,iPad Pro 12.9in,1.34
249326,Samsung Monitor 27in,1.63
838303,Brother Label Maker,0.54
804824,TP-Link WiFi 6 Router,0.53
564397,Cisco Router 2900,0.98
227857,Logitech Keyboard/Mouse Combo,0.72
137607,Ubiquiti Access Point,0.41
829160,Polycom Conference Phone,1.14
965873,Zebra Barcode Scanner,0.58
154286,Bose QuietComfort Earbuds,0.66
838303,Canon ImageClass Printer,3.74
357578,Canon ImageClass Printer,3.41
540029,StarTech KVM Switch,0.26
698073,Sony Professional Headphones,0.64
111730,Samsung Galaxy Tab,0.44
400025,Canon ImageClass Printer,3.32
884924,CyberPower Surge Protector,0.4
172176,StarTech KVM Switch,0.74
567226,HP ProDesk Desktop,3.1
943431,Samsung Monitor 27in,1.54
446954,Seagate External Drive,0.21
135263,Anker USB-C Hub,0.47
194050,Apple iMac 24in,3.16
330834,HP ProLiant Server Rack,6.43
875329,Dell Latitude Laptop,2.2
137944,LG Monitor 32in,2.04
392230,MacBook Pro 16in,0.29
446954,APC Smart-UPS 1500VA,0.28
759504,Samsung Monitor 27in,1.89
243361,Western Digital 4TB HDD,0.73
460020,iPhone 15 Pro,0.95
766105,Jabra Headset Wireless,0.28
860132,Western Digital 4TB HDD,0.53
811473,Canon ImageClass Printer,3.64
107276,Jabra Headset Wireless,0.79
704055,Epson Laser Printer,3.49
859626,Zebra Barcode Scanner,0.95
649237,Cisco Router 2900,0.89
833671,Brother Label Maker,0.33
410172,Logitech Keyboard/Mouse Combo,0.27
908766,Samsung Monitor 27in,2.12
759504,Canon ImageClass Printer,3.47
607784,Honeywell Scanner Gun,1.0
343597,Brother Label Maker,0.55
504035,Netgear Switch 48-Port,0.76
316386,Honeywell Scanner Gun,0.63
244493,Honeywell Scanner Gun,0.72
681015,Apple iMac 24in,3.43
650550,Tripp Lite Rack PDU,4.88
533170,Polycom Conference Phone,1.01
817448,CyberPower Surge Protector,0.7
616185,Apple iMac 24in,2.72
546451,StarTech KVM Switch,0.69
362496,Dell PowerEdge Server,4.91
385297,Logitech Keyboard/Mouse Combo,0.4
766105,Bose QuietComfort Earbuds,0.76
613673,Samsung Monitor 27in,2.38
896376,Microsoft Surface Pro,0.74
237433,HP ProLiant Server Rack,4.01
304597,Anker USB-C Hub,0.63
578486,Brother Label Maker,0.5
139486,Netgear Switch 48-Port,0.21
545092,Zebra Barcode Scanner,0.85
167506,StarTech KVM Switch,0.64
520883,Seagate External Drive,0.54
410642,Jabra Headset Wireless,0.51
607784,Seagate External Drive,0.49
768299,Bose QuietComfort Earbuds,0.4
721737,Dell PowerEdge Server,4.93
531874,Lenovo ThinkPad,0.37
681015,iPhone 15 Pro,1.0
823781,Zebra Barcode Scanner,0.51
266987,Bose QuietComfort Earbuds,0.69
642492,Netgear Switch 48-Port,0.63
777562,Belkin Docking Station,0.21
920267,Epson Laser Printer,3.11
380257,StarTech KVM Switch,0.52
503002,Cisco Router 2900,0.52
237433,APC UPS Battery Backup,0.72
796661,Logitech Keyboard/Mouse Combo,0.23
449601,Epson Laser Printer,3.18
224273,MacBook Pro 16in,0.62
189913,ASUS Gaming Laptop,2.32
995539,Brother Label Maker,0.71
191306,Western Digital 4TB HDD,0.61
107276,Tripp Lite Rack PDU,6.12
194050,Bose QuietComfort Earbuds,0.25
220799,Anker USB-C Hub,0.4
539892,Brother Label Maker,0.4
905208,Tripp Lite Rack PDU,4.81
111730,Seagate External Drive,0.8
989676,Lenovo ThinkPad,0.41
844589,MacBook Pro 16in,0.77
547314,Brother Label Maker,0.66
783175,Netgear Switch 48-Port,0.74
945312,Netgear Switch 48-Port,0.54
995539,Apple AirPods Pro,0.55
516858,Epson Laser Printer,2.93
154286,CyberPower Surge Protector,0.48
460107,Dell PowerEdge Server,5.71
718371,Logitech Keyboard/Mouse Combo,0.27
721737,StarTech KVM Switch,0.69
664602,ASUS Gaming Laptop,1.77
570657,Ubiquiti Access Point,0.73
107461,Apple iMac 24in,3.47
393144,MacBook Pro 16in,0.71
646540,Lenovo ThinkPad,0.21
436102,HP ProDesk Desktop,3.05
130238,CyberPower Surge Protector,0.39
703495,Cisco Router 2900,0.79
385297,iPhone 15 Pro,0.52
810358,Seagate External Drive,0.58
652964,StarTech KVM Switch,0.31
912941,LG Monitor 32in,2.48
488222,Zebra Barcode Scanner,0.52
698073,HP ProLiant Server Rack,5.05
995943,HP ProDesk Desktop,2.66
456301,HP ProDesk Desktop,2.79
348830,LG Monitor 32in,2.38
478697,HP ProLiant Server Rack,4.75
592637,Jabra Headset Wireless,0.8
564438,Anker USB-C Hub,0.27
916831,Canon ImageClass Printer,3.79
777562,Cisco Router 2900,0.96
411026,Apple iMac 24in,2.56
456301,Samsung Galaxy Tab,0.66
294270,Lenovo ThinkPad,0.72
706300,MacBook Pro 16in,0.71
478697,Western Digital 4TB HDD,0.41
168974,Bose QuietComfort Earbuds,0.28
539892,Raspberry Pi 4 Kit,0.33
446954,Logitech Keyboard/Mouse Combo,0.59
529911,Samsung Galaxy Tab,0.3
987866,Ubiquiti Access Point,0.46
572499,MacBook Pro 16in,0.76
905208,HP ProLiant Server Rack,4.01
596606,Samsung Monitor 27in,2.37
995539,Tripp Lite Rack PDU,6.06
304597,iPhone 15 Pro,1.13
615082,Polycom Conference Phone,0.6
944283,Apple AirPods Pro,0.76
905208,Jabra Headset Wireless,0.62
727936,Dell PowerEdge Server,6.5
211612,Dell Latitude Laptop,1.72
504035,TP-Link WiFi 6 Router,0.9
446954,Cisco Router 2900,0.62
163159,Bose QuietComfort Earbuds,0.2
316965,Canon ImageClass Printer,2.9
107276,Apple AirPods Pro,0.32
833040,Logitech Keyboard/Mouse Combo,0.57
561137,HP ProDesk Desktop,2.71
274529,Ubiquiti Access Point,0.33
899777,iPad Pro 12.9in,1.47
706300,Jabra Headset Wireless,0.71
602764,Dell Latitude Laptop,1.99
309897,APC UPS Battery Backup,0.71
244493,HP ProLiant Server Rack,5.65
504201,Dell PowerEdge Server,5.57
920267,Samsung Galaxy Tab,0.21
621384,HP ProDesk Desktop,3.07
139486,Samsung 2TB SSD,0.51
116092,LG Monitor 32in,1.5
874442,APC UPS Battery Backup,0.74
594631,iPhone 15 Pro,0.91
922227,Microsoft Surface Pro,0.73
266987,Zebra Barcode Scanner,1.01
649237,Seagate External Drive,0.68
548007,Samsung Galaxy Tab,0.37
314630,Dell Latitude Laptop,2.21
674941,LG Monitor 32in,2.09
154286,Apple iMac 24in,3.9
796661,TP-Link WiFi 6 Router,0.51
374918,LG Monitor 32in,1.6
621182,Samsung Galaxy Tab,0.26
943431,Samsung Galaxy Tab,0.3
825501,Microsoft Surface Pro,0.65
547314,Lenovo ThinkPad,0.69
331202,Apple AirPods Pro,0.5
514397,HP ProLiant Server Rack,4.15
912941,Bose QuietComfort Earbuds,0.7
653342,Logitech Keyboard/Mouse Combo,0.38
243361,iPhone 15 Pro,0.59
357578,APC UPS Battery Backup,0.55
809720,Western Digital 4TB HDD,0.79
357949,Ubiquiti Access Point,0.8
571798,Cisco Router 2900,0.97
266987,HP ProLiant Server Rack,4.33
833671,Netgear Switch 48-Port,0.27
815116,Dell PowerEdge Server,6.29
194050,Honeywell Scanner Gun,0.71
191306,Samsung 2TB SSD,0.32
847429,Netgear Switch 48-Port,0.55
237433,CyberPower Surge Protector,0.35
995539,TP-Link WiFi 6 Router,0.75
564438,Epson Laser Printer,3.05
717037,Sony Professional Headphones,0.24
446954,Apple iMac 24in,3.88
222663,MacBook Pro 16in,0.69
488222,Samsung Monitor 27in,2.48
343597,Sony Professional Headphones,0.63
958168,Seagate External Drive,0.72
190549,TP-Link WiFi 6 Router,0.94
478697,Jabra Headset Wireless,0.44
875329,Brother Label Maker,0.6
743333,Lenovo ThinkPad,0.57
815116,MacBook Pro 16in,0.44
703495,Samsung 2TB SSD,0.25
823871,Netgear Switch 48-Port,0.21
154292,Lenovo ThinkPad,0.5
412097,Lenovo ThinkPad,0.64
859018,Dell Latitude Laptop,2.01
741730,Lenovo ThinkPad,0.68
220799,MacBook Pro 16in,0.36
908766,Netgear Switch 48-Port,0.67
149483,Cisco Router 2900,0.68
149483,Belkin Docking Station,0.5
859018,LG Monitor 32in,2.2
905208,Jabra Headset Wireless,0.68
503002,Bose QuietComfort Earbuds,0.35
541944,Western Digital 4TB HDD,0.3
785946,Logitech Keyboard/Mouse Combo,0.27
561137,Brother Label Maker,0.57
149483,Sony Professional Headphones,0.21
817448,Jabra Headset Wireless,0.75
994669,APC Smart-UPS 1500VA,0.62
504035,Logitech Keyboard/Mouse Combo,0.21
596175,ASUS Gaming Laptop,2.44
645396,Cisco Router 2900,1.16
674941,Netgear Switch 48-Port,0.26
815116,Canon ImageClass Printer,3.31
